"","scen","method","power","X","bt.type","n","nX","nY","rho.XX","rho.YY","rho.XY","prop.corr","group","method.label"
"1",1,"bonf.naive",0.058,41,"ha.resid",1000,1,40,0,0,0,1,"X-Y correlation: 0 for 100% of pairs","Bonferroni"
"2",1,"holm",0.058,41,"ha.resid",1000,1,40,0,0,0,1,"X-Y correlation: 0 for 100% of pairs","Holm"
"4",1,"minP",0.054,41,"ha.resid",1000,1,40,0,0,0,1,"X-Y correlation: 0 for 100% of pairs","minP"
"5",1,"ours.0.01",0.006,41,"ha.resid",1000,1,40,0,0,0,1,"X-Y correlation: 0 for 100% of pairs","Global (alpha=0.01)"
"6",1,"ours.0.05",0.042,41,"ha.resid",1000,1,40,0,0,0,1,"X-Y correlation: 0 for 100% of pairs","Global (alpha=0.05)"
"7",1,"Romano",0.066,41,"ha.resid",1000,1,40,0,0,0,1,"X-Y correlation: 0 for 100% of pairs","Romano"
"8",1,"Wstep",0.054,41,"ha.resid",1000,1,40,0,0,0,1,"X-Y correlation: 0 for 100% of pairs","Wstep"
"9",2,"bonf.naive",0.054,42,"ha.resid",1000,1,40,0,0.1,0,1,"X-Y correlation: 0 for 100% of pairs","Bonferroni"
"10",2,"holm",0.054,42,"ha.resid",1000,1,40,0,0.1,0,1,"X-Y correlation: 0 for 100% of pairs","Holm"
"12",2,"minP",0.056,42,"ha.resid",1000,1,40,0,0.1,0,1,"X-Y correlation: 0 for 100% of pairs","minP"
"13",2,"ours.0.01",0.026,42,"ha.resid",1000,1,40,0,0.1,0,1,"X-Y correlation: 0 for 100% of pairs","Global (alpha=0.01)"
"14",2,"ours.0.05",0.032,42,"ha.resid",1000,1,40,0,0.1,0,1,"X-Y correlation: 0 for 100% of pairs","Global (alpha=0.05)"
"15",2,"Romano",0.07,42,"ha.resid",1000,1,40,0,0.1,0,1,"X-Y correlation: 0 for 100% of pairs","Romano"
"16",2,"Wstep",0.056,42,"ha.resid",1000,1,40,0,0.1,0,1,"X-Y correlation: 0 for 100% of pairs","Wstep"
"17",3,"bonf.naive",0.038,43,"ha.resid",1000,1,40,0,0.3,0,1,"X-Y correlation: 0 for 100% of pairs","Bonferroni"
"18",3,"holm",0.038,43,"ha.resid",1000,1,40,0,0.3,0,1,"X-Y correlation: 0 for 100% of pairs","Holm"
"20",3,"minP",0.044,43,"ha.resid",1000,1,40,0,0.3,0,1,"X-Y correlation: 0 for 100% of pairs","minP"
"21",3,"ours.0.01",0.024,43,"ha.resid",1000,1,40,0,0.3,0,1,"X-Y correlation: 0 for 100% of pairs","Global (alpha=0.01)"
"22",3,"ours.0.05",0.034,43,"ha.resid",1000,1,40,0,0.3,0,1,"X-Y correlation: 0 for 100% of pairs","Global (alpha=0.05)"
"23",3,"Romano",0.05,43,"ha.resid",1000,1,40,0,0.3,0,1,"X-Y correlation: 0 for 100% of pairs","Romano"
"24",3,"Wstep",0.044,43,"ha.resid",1000,1,40,0,0.3,0,1,"X-Y correlation: 0 for 100% of pairs","Wstep"
"25",4,"bonf.naive",0.028,44,"ha.resid",1000,1,40,0,0.6,0,1,"X-Y correlation: 0 for 100% of pairs","Bonferroni"
"26",4,"holm",0.028,44,"ha.resid",1000,1,40,0,0.6,0,1,"X-Y correlation: 0 for 100% of pairs","Holm"
"28",4,"minP",0.048,44,"ha.resid",1000,1,40,0,0.6,0,1,"X-Y correlation: 0 for 100% of pairs","minP"
"29",4,"ours.0.01",0.05,44,"ha.resid",1000,1,40,0,0.6,0,1,"X-Y correlation: 0 for 100% of pairs","Global (alpha=0.01)"
"30",4,"ours.0.05",0.06,44,"ha.resid",1000,1,40,0,0.6,0,1,"X-Y correlation: 0 for 100% of pairs","Global (alpha=0.05)"
"31",4,"Romano",0.064,44,"ha.resid",1000,1,40,0,0.6,0,1,"X-Y correlation: 0 for 100% of pairs","Romano"
"32",4,"Wstep",0.048,44,"ha.resid",1000,1,40,0,0.6,0,1,"X-Y correlation: 0 for 100% of pairs","Wstep"
"33",5,"bonf.naive",0.148,5,"ha.resid",1000,1,40,0,0,0.03,0.2,"X-Y correlation: 0.03 for 20% of pairs","Bonferroni"
"34",5,"holm",0.148,5,"ha.resid",1000,1,40,0,0,0.03,0.2,"X-Y correlation: 0.03 for 20% of pairs","Holm"
"36",5,"minP",0.158,5,"ha.resid",1000,1,40,0,0,0.03,0.2,"X-Y correlation: 0.03 for 20% of pairs","minP"
"37",5,"ours.0.01",0.046,5,"ha.resid",1000,1,40,0,0,0.03,0.2,"X-Y correlation: 0.03 for 20% of pairs","Global (alpha=0.01)"
"38",5,"ours.0.05",0.114,5,"ha.resid",1000,1,40,0,0,0.03,0.2,"X-Y correlation: 0.03 for 20% of pairs","Global (alpha=0.05)"
"39",5,"Romano",0.194,5,"ha.resid",1000,1,40,0,0,0.03,0.2,"X-Y correlation: 0.03 for 20% of pairs","Romano"
"40",5,"Wstep",0.158,5,"ha.resid",1000,1,40,0,0,0.03,0.2,"X-Y correlation: 0.03 for 20% of pairs","Wstep"
"41",6,"bonf.naive",0.144,6,"ha.resid",1000,1,40,0,0.1,0.03,0.2,"X-Y correlation: 0.03 for 20% of pairs","Bonferroni"
"42",6,"holm",0.144,6,"ha.resid",1000,1,40,0,0.1,0.03,0.2,"X-Y correlation: 0.03 for 20% of pairs","Holm"
"44",6,"minP",0.144,6,"ha.resid",1000,1,40,0,0.1,0.03,0.2,"X-Y correlation: 0.03 for 20% of pairs","minP"
"45",6,"ours.0.01",0.06,6,"ha.resid",1000,1,40,0,0.1,0.03,0.2,"X-Y correlation: 0.03 for 20% of pairs","Global (alpha=0.01)"
"46",6,"ours.0.05",0.078,6,"ha.resid",1000,1,40,0,0.1,0.03,0.2,"X-Y correlation: 0.03 for 20% of pairs","Global (alpha=0.05)"
"47",6,"Romano",0.192,6,"ha.resid",1000,1,40,0,0.1,0.03,0.2,"X-Y correlation: 0.03 for 20% of pairs","Romano"
"48",6,"Wstep",0.144,6,"ha.resid",1000,1,40,0,0.1,0.03,0.2,"X-Y correlation: 0.03 for 20% of pairs","Wstep"
"49",7,"bonf.naive",0.08,7,"ha.resid",1000,1,40,0,0.3,0.03,0.2,"X-Y correlation: 0.03 for 20% of pairs","Bonferroni"
"50",7,"holm",0.08,7,"ha.resid",1000,1,40,0,0.3,0.03,0.2,"X-Y correlation: 0.03 for 20% of pairs","Holm"
"52",7,"minP",0.096,7,"ha.resid",1000,1,40,0,0.3,0.03,0.2,"X-Y correlation: 0.03 for 20% of pairs","minP"
"53",7,"ours.0.01",0.072,7,"ha.resid",1000,1,40,0,0.3,0.03,0.2,"X-Y correlation: 0.03 for 20% of pairs","Global (alpha=0.01)"
"54",7,"ours.0.05",0.066,7,"ha.resid",1000,1,40,0,0.3,0.03,0.2,"X-Y correlation: 0.03 for 20% of pairs","Global (alpha=0.05)"
"55",7,"Romano",0.148,7,"ha.resid",1000,1,40,0,0.3,0.03,0.2,"X-Y correlation: 0.03 for 20% of pairs","Romano"
"56",7,"Wstep",0.096,7,"ha.resid",1000,1,40,0,0.3,0.03,0.2,"X-Y correlation: 0.03 for 20% of pairs","Wstep"
"57",8,"bonf.naive",0.102,8,"ha.resid",1000,1,40,0,0.6,0.03,0.2,"X-Y correlation: 0.03 for 20% of pairs","Bonferroni"
"58",8,"holm",0.102,8,"ha.resid",1000,1,40,0,0.6,0.03,0.2,"X-Y correlation: 0.03 for 20% of pairs","Holm"
"60",8,"minP",0.152,8,"ha.resid",1000,1,40,0,0.6,0.03,0.2,"X-Y correlation: 0.03 for 20% of pairs","minP"
"61",8,"ours.0.01",0.114,8,"ha.resid",1000,1,40,0,0.6,0.03,0.2,"X-Y correlation: 0.03 for 20% of pairs","Global (alpha=0.01)"
"62",8,"ours.0.05",0.082,8,"ha.resid",1000,1,40,0,0.6,0.03,0.2,"X-Y correlation: 0.03 for 20% of pairs","Global (alpha=0.05)"
"63",8,"Romano",0.172,8,"ha.resid",1000,1,40,0,0.6,0.03,0.2,"X-Y correlation: 0.03 for 20% of pairs","Romano"
"64",8,"Wstep",0.152,8,"ha.resid",1000,1,40,0,0.6,0.03,0.2,"X-Y correlation: 0.03 for 20% of pairs","Wstep"
"65",9,"bonf.naive",0.222,25,"ha.resid",1000,1,40,0,0,0.03,0.5,"X-Y correlation: 0.03 for 50% of pairs","Bonferroni"
"66",9,"holm",0.222,25,"ha.resid",1000,1,40,0,0,0.03,0.5,"X-Y correlation: 0.03 for 50% of pairs","Holm"
"68",9,"minP",0.22,25,"ha.resid",1000,1,40,0,0,0.03,0.5,"X-Y correlation: 0.03 for 50% of pairs","minP"
"69",9,"ours.0.01",0.134,25,"ha.resid",1000,1,40,0,0,0.03,0.5,"X-Y correlation: 0.03 for 50% of pairs","Global (alpha=0.01)"
"70",9,"ours.0.05",0.288,25,"ha.resid",1000,1,40,0,0,0.03,0.5,"X-Y correlation: 0.03 for 50% of pairs","Global (alpha=0.05)"
"71",9,"Romano",0.324,25,"ha.resid",1000,1,40,0,0,0.03,0.5,"X-Y correlation: 0.03 for 50% of pairs","Romano"
"72",9,"Wstep",0.22,25,"ha.resid",1000,1,40,0,0,0.03,0.5,"X-Y correlation: 0.03 for 50% of pairs","Wstep"
"73",10,"bonf.naive",0.208,26,"ha.resid",1000,1,40,0,0.1,0.03,0.5,"X-Y correlation: 0.03 for 50% of pairs","Bonferroni"
"74",10,"holm",0.208,26,"ha.resid",1000,1,40,0,0.1,0.03,0.5,"X-Y correlation: 0.03 for 50% of pairs","Holm"
"76",10,"minP",0.214,26,"ha.resid",1000,1,40,0,0.1,0.03,0.5,"X-Y correlation: 0.03 for 50% of pairs","minP"
"77",10,"ours.0.01",0.144,26,"ha.resid",1000,1,40,0,0.1,0.03,0.5,"X-Y correlation: 0.03 for 50% of pairs","Global (alpha=0.01)"
"78",10,"ours.0.05",0.246,26,"ha.resid",1000,1,40,0,0.1,0.03,0.5,"X-Y correlation: 0.03 for 50% of pairs","Global (alpha=0.05)"
"79",10,"Romano",0.306,26,"ha.resid",1000,1,40,0,0.1,0.03,0.5,"X-Y correlation: 0.03 for 50% of pairs","Romano"
"80",10,"Wstep",0.214,26,"ha.resid",1000,1,40,0,0.1,0.03,0.5,"X-Y correlation: 0.03 for 50% of pairs","Wstep"
"81",11,"bonf.naive",0.18,27,"ha.resid",1000,1,40,0,0.3,0.03,0.5,"X-Y correlation: 0.03 for 50% of pairs","Bonferroni"
"82",11,"holm",0.18,27,"ha.resid",1000,1,40,0,0.3,0.03,0.5,"X-Y correlation: 0.03 for 50% of pairs","Holm"
"84",11,"minP",0.202,27,"ha.resid",1000,1,40,0,0.3,0.03,0.5,"X-Y correlation: 0.03 for 50% of pairs","minP"
"85",11,"ours.0.01",0.166,27,"ha.resid",1000,1,40,0,0.3,0.03,0.5,"X-Y correlation: 0.03 for 50% of pairs","Global (alpha=0.01)"
"86",11,"ours.0.05",0.182,27,"ha.resid",1000,1,40,0,0.3,0.03,0.5,"X-Y correlation: 0.03 for 50% of pairs","Global (alpha=0.05)"
"87",11,"Romano",0.284,27,"ha.resid",1000,1,40,0,0.3,0.03,0.5,"X-Y correlation: 0.03 for 50% of pairs","Romano"
"88",11,"Wstep",0.202,27,"ha.resid",1000,1,40,0,0.3,0.03,0.5,"X-Y correlation: 0.03 for 50% of pairs","Wstep"
"89",12,"bonf.naive",0.106,28,"ha.resid",1000,1,40,0,0.6,0.03,0.5,"X-Y correlation: 0.03 for 50% of pairs","Bonferroni"
"90",12,"holm",0.106,28,"ha.resid",1000,1,40,0,0.6,0.03,0.5,"X-Y correlation: 0.03 for 50% of pairs","Holm"
"92",12,"minP",0.166,28,"ha.resid",1000,1,40,0,0.6,0.03,0.5,"X-Y correlation: 0.03 for 50% of pairs","minP"
"93",12,"ours.0.01",0.126,28,"ha.resid",1000,1,40,0,0.6,0.03,0.5,"X-Y correlation: 0.03 for 50% of pairs","Global (alpha=0.01)"
"94",12,"ours.0.05",0.128,28,"ha.resid",1000,1,40,0,0.6,0.03,0.5,"X-Y correlation: 0.03 for 50% of pairs","Global (alpha=0.05)"
"95",12,"Romano",0.224,28,"ha.resid",1000,1,40,0,0.6,0.03,0.5,"X-Y correlation: 0.03 for 50% of pairs","Romano"
"96",12,"Wstep",0.166,28,"ha.resid",1000,1,40,0,0.6,0.03,0.5,"X-Y correlation: 0.03 for 50% of pairs","Wstep"
"97",13,"bonf.naive",0.356,45,"ha.resid",1000,1,40,0,0,0.03,1,"X-Y correlation: 0.03 for 100% of pairs","Bonferroni"
"98",13,"holm",0.356,45,"ha.resid",1000,1,40,0,0,0.03,1,"X-Y correlation: 0.03 for 100% of pairs","Holm"
"100",13,"minP",0.358,45,"ha.resid",1000,1,40,0,0,0.03,1,"X-Y correlation: 0.03 for 100% of pairs","minP"
"101",13,"ours.0.01",0.352,45,"ha.resid",1000,1,40,0,0,0.03,1,"X-Y correlation: 0.03 for 100% of pairs","Global (alpha=0.01)"
"102",13,"ours.0.05",0.71,45,"ha.resid",1000,1,40,0,0,0.03,1,"X-Y correlation: 0.03 for 100% of pairs","Global (alpha=0.05)"
"103",13,"Romano",0.51,45,"ha.resid",1000,1,40,0,0,0.03,1,"X-Y correlation: 0.03 for 100% of pairs","Romano"
"104",13,"Wstep",0.358,45,"ha.resid",1000,1,40,0,0,0.03,1,"X-Y correlation: 0.03 for 100% of pairs","Wstep"
"105",14,"bonf.naive",0.34,46,"ha.resid",1000,1,40,0,0.1,0.03,1,"X-Y correlation: 0.03 for 100% of pairs","Bonferroni"
"106",14,"holm",0.34,46,"ha.resid",1000,1,40,0,0.1,0.03,1,"X-Y correlation: 0.03 for 100% of pairs","Holm"
"108",14,"minP",0.34,46,"ha.resid",1000,1,40,0,0.1,0.03,1,"X-Y correlation: 0.03 for 100% of pairs","minP"
"109",14,"ours.0.01",0.35,46,"ha.resid",1000,1,40,0,0.1,0.03,1,"X-Y correlation: 0.03 for 100% of pairs","Global (alpha=0.01)"
"110",14,"ours.0.05",0.53,46,"ha.resid",1000,1,40,0,0.1,0.03,1,"X-Y correlation: 0.03 for 100% of pairs","Global (alpha=0.05)"
"111",14,"Romano",0.466,46,"ha.resid",1000,1,40,0,0.1,0.03,1,"X-Y correlation: 0.03 for 100% of pairs","Romano"
"112",14,"Wstep",0.34,46,"ha.resid",1000,1,40,0,0.1,0.03,1,"X-Y correlation: 0.03 for 100% of pairs","Wstep"
"113",15,"bonf.naive",0.248,47,"ha.resid",1000,1,40,0,0.3,0.03,1,"X-Y correlation: 0.03 for 100% of pairs","Bonferroni"
"114",15,"holm",0.248,47,"ha.resid",1000,1,40,0,0.3,0.03,1,"X-Y correlation: 0.03 for 100% of pairs","Holm"
"116",15,"minP",0.278,47,"ha.resid",1000,1,40,0,0.3,0.03,1,"X-Y correlation: 0.03 for 100% of pairs","minP"
"117",15,"ours.0.01",0.296,47,"ha.resid",1000,1,40,0,0.3,0.03,1,"X-Y correlation: 0.03 for 100% of pairs","Global (alpha=0.01)"
"118",15,"ours.0.05",0.364,47,"ha.resid",1000,1,40,0,0.3,0.03,1,"X-Y correlation: 0.03 for 100% of pairs","Global (alpha=0.05)"
"119",15,"Romano",0.404,47,"ha.resid",1000,1,40,0,0.3,0.03,1,"X-Y correlation: 0.03 for 100% of pairs","Romano"
"120",15,"Wstep",0.278,47,"ha.resid",1000,1,40,0,0.3,0.03,1,"X-Y correlation: 0.03 for 100% of pairs","Wstep"
"121",16,"bonf.naive",0.1,48,"ha.resid",1000,1,40,0,0.6,0.03,1,"X-Y correlation: 0.03 for 100% of pairs","Bonferroni"
"122",16,"holm",0.1,48,"ha.resid",1000,1,40,0,0.6,0.03,1,"X-Y correlation: 0.03 for 100% of pairs","Holm"
"124",16,"minP",0.164,48,"ha.resid",1000,1,40,0,0.6,0.03,1,"X-Y correlation: 0.03 for 100% of pairs","minP"
"125",16,"ours.0.01",0.166,48,"ha.resid",1000,1,40,0,0.6,0.03,1,"X-Y correlation: 0.03 for 100% of pairs","Global (alpha=0.01)"
"126",16,"ours.0.05",0.19,48,"ha.resid",1000,1,40,0,0.6,0.03,1,"X-Y correlation: 0.03 for 100% of pairs","Global (alpha=0.05)"
"127",16,"Romano",0.272,48,"ha.resid",1000,1,40,0,0.6,0.03,1,"X-Y correlation: 0.03 for 100% of pairs","Romano"
"128",16,"Wstep",0.164,48,"ha.resid",1000,1,40,0,0.6,0.03,1,"X-Y correlation: 0.03 for 100% of pairs","Wstep"
"129",17,"bonf.naive",0.316,9,"ha.resid",1000,1,40,0,0,0.05,0.2,"X-Y correlation: 0.05 for 20% of pairs","Bonferroni"
"130",17,"holm",0.316,9,"ha.resid",1000,1,40,0,0,0.05,0.2,"X-Y correlation: 0.05 for 20% of pairs","Holm"
"132",17,"minP",0.328,9,"ha.resid",1000,1,40,0,0,0.05,0.2,"X-Y correlation: 0.05 for 20% of pairs","minP"
"133",17,"ours.0.01",0.218,9,"ha.resid",1000,1,40,0,0,0.05,0.2,"X-Y correlation: 0.05 for 20% of pairs","Global (alpha=0.01)"
"134",17,"ours.0.05",0.34,9,"ha.resid",1000,1,40,0,0,0.05,0.2,"X-Y correlation: 0.05 for 20% of pairs","Global (alpha=0.05)"
"135",17,"Romano",0.47,9,"ha.resid",1000,1,40,0,0,0.05,0.2,"X-Y correlation: 0.05 for 20% of pairs","Romano"
"136",17,"Wstep",0.328,9,"ha.resid",1000,1,40,0,0,0.05,0.2,"X-Y correlation: 0.05 for 20% of pairs","Wstep"
"137",18,"bonf.naive",0.318,10,"ha.resid",1000,1,40,0,0.1,0.05,0.2,"X-Y correlation: 0.05 for 20% of pairs","Bonferroni"
"138",18,"holm",0.318,10,"ha.resid",1000,1,40,0,0.1,0.05,0.2,"X-Y correlation: 0.05 for 20% of pairs","Holm"
"140",18,"minP",0.326,10,"ha.resid",1000,1,40,0,0.1,0.05,0.2,"X-Y correlation: 0.05 for 20% of pairs","minP"
"141",18,"ours.0.01",0.18,10,"ha.resid",1000,1,40,0,0.1,0.05,0.2,"X-Y correlation: 0.05 for 20% of pairs","Global (alpha=0.01)"
"142",18,"ours.0.05",0.246,10,"ha.resid",1000,1,40,0,0.1,0.05,0.2,"X-Y correlation: 0.05 for 20% of pairs","Global (alpha=0.05)"
"143",18,"Romano",0.432,10,"ha.resid",1000,1,40,0,0.1,0.05,0.2,"X-Y correlation: 0.05 for 20% of pairs","Romano"
"144",18,"Wstep",0.326,10,"ha.resid",1000,1,40,0,0.1,0.05,0.2,"X-Y correlation: 0.05 for 20% of pairs","Wstep"
"145",19,"bonf.naive",0.28,11,"ha.resid",1000,1,40,0,0.3,0.05,0.2,"X-Y correlation: 0.05 for 20% of pairs","Bonferroni"
"146",19,"holm",0.28,11,"ha.resid",1000,1,40,0,0.3,0.05,0.2,"X-Y correlation: 0.05 for 20% of pairs","Holm"
"148",19,"minP",0.304,11,"ha.resid",1000,1,40,0,0.3,0.05,0.2,"X-Y correlation: 0.05 for 20% of pairs","minP"
"149",19,"ours.0.01",0.212,11,"ha.resid",1000,1,40,0,0.3,0.05,0.2,"X-Y correlation: 0.05 for 20% of pairs","Global (alpha=0.01)"
"150",19,"ours.0.05",0.146,11,"ha.resid",1000,1,40,0,0.3,0.05,0.2,"X-Y correlation: 0.05 for 20% of pairs","Global (alpha=0.05)"
"151",19,"Romano",0.41,11,"ha.resid",1000,1,40,0,0.3,0.05,0.2,"X-Y correlation: 0.05 for 20% of pairs","Romano"
"152",19,"Wstep",0.304,11,"ha.resid",1000,1,40,0,0.3,0.05,0.2,"X-Y correlation: 0.05 for 20% of pairs","Wstep"
"153",20,"bonf.naive",0.186,12,"ha.resid",1000,1,40,0,0.6,0.05,0.2,"X-Y correlation: 0.05 for 20% of pairs","Bonferroni"
"154",20,"holm",0.186,12,"ha.resid",1000,1,40,0,0.6,0.05,0.2,"X-Y correlation: 0.05 for 20% of pairs","Holm"
"156",20,"minP",0.26,12,"ha.resid",1000,1,40,0,0.6,0.05,0.2,"X-Y correlation: 0.05 for 20% of pairs","minP"
"157",20,"ours.0.01",0.202,12,"ha.resid",1000,1,40,0,0.6,0.05,0.2,"X-Y correlation: 0.05 for 20% of pairs","Global (alpha=0.01)"
"158",20,"ours.0.05",0.096,12,"ha.resid",1000,1,40,0,0.6,0.05,0.2,"X-Y correlation: 0.05 for 20% of pairs","Global (alpha=0.05)"
"159",20,"Romano",0.34,12,"ha.resid",1000,1,40,0,0.6,0.05,0.2,"X-Y correlation: 0.05 for 20% of pairs","Romano"
"160",20,"Wstep",0.26,12,"ha.resid",1000,1,40,0,0.6,0.05,0.2,"X-Y correlation: 0.05 for 20% of pairs","Wstep"
"161",21,"bonf.naive",0.62,29,"ha.resid",1000,1,40,0,0,0.05,0.5,"X-Y correlation: 0.05 for 50% of pairs","Bonferroni"
"162",21,"holm",0.62,29,"ha.resid",1000,1,40,0,0,0.05,0.5,"X-Y correlation: 0.05 for 50% of pairs","Holm"
"164",21,"minP",0.616,29,"ha.resid",1000,1,40,0,0,0.05,0.5,"X-Y correlation: 0.05 for 50% of pairs","minP"
"165",21,"ours.0.01",0.666,29,"ha.resid",1000,1,40,0,0,0.05,0.5,"X-Y correlation: 0.05 for 50% of pairs","Global (alpha=0.01)"
"166",21,"ours.0.05",0.89,29,"ha.resid",1000,1,40,0,0,0.05,0.5,"X-Y correlation: 0.05 for 50% of pairs","Global (alpha=0.05)"
"167",21,"Romano",0.75,29,"ha.resid",1000,1,40,0,0,0.05,0.5,"X-Y correlation: 0.05 for 50% of pairs","Romano"
"168",21,"Wstep",0.616,29,"ha.resid",1000,1,40,0,0,0.05,0.5,"X-Y correlation: 0.05 for 50% of pairs","Wstep"
"169",22,"bonf.naive",0.6,30,"ha.resid",1000,1,40,0,0.1,0.05,0.5,"X-Y correlation: 0.05 for 50% of pairs","Bonferroni"
"170",22,"holm",0.6,30,"ha.resid",1000,1,40,0,0.1,0.05,0.5,"X-Y correlation: 0.05 for 50% of pairs","Holm"
"172",22,"minP",0.6,30,"ha.resid",1000,1,40,0,0.1,0.05,0.5,"X-Y correlation: 0.05 for 50% of pairs","minP"
"173",22,"ours.0.01",0.608,30,"ha.resid",1000,1,40,0,0.1,0.05,0.5,"X-Y correlation: 0.05 for 50% of pairs","Global (alpha=0.01)"
"174",22,"ours.0.05",0.812,30,"ha.resid",1000,1,40,0,0.1,0.05,0.5,"X-Y correlation: 0.05 for 50% of pairs","Global (alpha=0.05)"
"175",22,"Romano",0.77,30,"ha.resid",1000,1,40,0,0.1,0.05,0.5,"X-Y correlation: 0.05 for 50% of pairs","Romano"
"176",22,"Wstep",0.6,30,"ha.resid",1000,1,40,0,0.1,0.05,0.5,"X-Y correlation: 0.05 for 50% of pairs","Wstep"
"177",23,"bonf.naive",0.462,31,"ha.resid",1000,1,40,0,0.3,0.05,0.5,"X-Y correlation: 0.05 for 50% of pairs","Bonferroni"
"178",23,"holm",0.462,31,"ha.resid",1000,1,40,0,0.3,0.05,0.5,"X-Y correlation: 0.05 for 50% of pairs","Holm"
"180",23,"minP",0.49,31,"ha.resid",1000,1,40,0,0.3,0.05,0.5,"X-Y correlation: 0.05 for 50% of pairs","minP"
"181",23,"ours.0.01",0.5,31,"ha.resid",1000,1,40,0,0.3,0.05,0.5,"X-Y correlation: 0.05 for 50% of pairs","Global (alpha=0.01)"
"182",23,"ours.0.05",0.5,31,"ha.resid",1000,1,40,0,0.3,0.05,0.5,"X-Y correlation: 0.05 for 50% of pairs","Global (alpha=0.05)"
"183",23,"Romano",0.632,31,"ha.resid",1000,1,40,0,0.3,0.05,0.5,"X-Y correlation: 0.05 for 50% of pairs","Romano"
"184",23,"Wstep",0.49,31,"ha.resid",1000,1,40,0,0.3,0.05,0.5,"X-Y correlation: 0.05 for 50% of pairs","Wstep"
"185",24,"bonf.naive",0.304,32,"ha.resid",1000,1,40,0,0.6,0.05,0.5,"X-Y correlation: 0.05 for 50% of pairs","Bonferroni"
"186",24,"holm",0.304,32,"ha.resid",1000,1,40,0,0.6,0.05,0.5,"X-Y correlation: 0.05 for 50% of pairs","Holm"
"188",24,"minP",0.43,32,"ha.resid",1000,1,40,0,0.6,0.05,0.5,"X-Y correlation: 0.05 for 50% of pairs","minP"
"189",24,"ours.0.01",0.392,32,"ha.resid",1000,1,40,0,0.6,0.05,0.5,"X-Y correlation: 0.05 for 50% of pairs","Global (alpha=0.01)"
"190",24,"ours.0.05",0.326,32,"ha.resid",1000,1,40,0,0.6,0.05,0.5,"X-Y correlation: 0.05 for 50% of pairs","Global (alpha=0.05)"
"191",24,"Romano",0.52,32,"ha.resid",1000,1,40,0,0.6,0.05,0.5,"X-Y correlation: 0.05 for 50% of pairs","Romano"
"192",24,"Wstep",0.43,32,"ha.resid",1000,1,40,0,0.6,0.05,0.5,"X-Y correlation: 0.05 for 50% of pairs","Wstep"
"193",25,"bonf.naive",0.872,49,"ha.resid",1000,1,40,0,0,0.05,1,"X-Y correlation: 0.05 for 100% of pairs","Bonferroni"
"194",25,"holm",0.872,49,"ha.resid",1000,1,40,0,0,0.05,1,"X-Y correlation: 0.05 for 100% of pairs","Holm"
"196",25,"minP",0.868,49,"ha.resid",1000,1,40,0,0,0.05,1,"X-Y correlation: 0.05 for 100% of pairs","minP"
"197",25,"ours.0.01",0.972,49,"ha.resid",1000,1,40,0,0,0.05,1,"X-Y correlation: 0.05 for 100% of pairs","Global (alpha=0.01)"
"198",25,"ours.0.05",0.998,49,"ha.resid",1000,1,40,0,0,0.05,1,"X-Y correlation: 0.05 for 100% of pairs","Global (alpha=0.05)"
"199",25,"Romano",0.968,49,"ha.resid",1000,1,40,0,0,0.05,1,"X-Y correlation: 0.05 for 100% of pairs","Romano"
"200",25,"Wstep",0.868,49,"ha.resid",1000,1,40,0,0,0.05,1,"X-Y correlation: 0.05 for 100% of pairs","Wstep"
"201",26,"bonf.naive",0.746,50,"ha.resid",1000,1,40,0,0.1,0.05,1,"X-Y correlation: 0.05 for 100% of pairs","Bonferroni"
"202",26,"holm",0.746,50,"ha.resid",1000,1,40,0,0.1,0.05,1,"X-Y correlation: 0.05 for 100% of pairs","Holm"
"204",26,"minP",0.756,50,"ha.resid",1000,1,40,0,0.1,0.05,1,"X-Y correlation: 0.05 for 100% of pairs","minP"
"205",26,"ours.0.01",0.808,50,"ha.resid",1000,1,40,0,0.1,0.05,1,"X-Y correlation: 0.05 for 100% of pairs","Global (alpha=0.01)"
"206",26,"ours.0.05",0.956,50,"ha.resid",1000,1,40,0,0.1,0.05,1,"X-Y correlation: 0.05 for 100% of pairs","Global (alpha=0.05)"
"207",26,"Romano",0.846,50,"ha.resid",1000,1,40,0,0.1,0.05,1,"X-Y correlation: 0.05 for 100% of pairs","Romano"
"208",26,"Wstep",0.756,50,"ha.resid",1000,1,40,0,0.1,0.05,1,"X-Y correlation: 0.05 for 100% of pairs","Wstep"
"209",27,"bonf.naive",0.566,51,"ha.resid",1000,1,40,0,0.3,0.05,1,"X-Y correlation: 0.05 for 100% of pairs","Bonferroni"
"210",27,"holm",0.566,51,"ha.resid",1000,1,40,0,0.3,0.05,1,"X-Y correlation: 0.05 for 100% of pairs","Holm"
"212",27,"minP",0.594,51,"ha.resid",1000,1,40,0,0.3,0.05,1,"X-Y correlation: 0.05 for 100% of pairs","minP"
"213",27,"ours.0.01",0.64,51,"ha.resid",1000,1,40,0,0.3,0.05,1,"X-Y correlation: 0.05 for 100% of pairs","Global (alpha=0.01)"
"214",27,"ours.0.05",0.73,51,"ha.resid",1000,1,40,0,0.3,0.05,1,"X-Y correlation: 0.05 for 100% of pairs","Global (alpha=0.05)"
"215",27,"Romano",0.734,51,"ha.resid",1000,1,40,0,0.3,0.05,1,"X-Y correlation: 0.05 for 100% of pairs","Romano"
"216",27,"Wstep",0.594,51,"ha.resid",1000,1,40,0,0.3,0.05,1,"X-Y correlation: 0.05 for 100% of pairs","Wstep"
"217",28,"bonf.naive",0.354,52,"ha.resid",1000,1,40,0,0.6,0.05,1,"X-Y correlation: 0.05 for 100% of pairs","Bonferroni"
"218",28,"holm",0.354,52,"ha.resid",1000,1,40,0,0.6,0.05,1,"X-Y correlation: 0.05 for 100% of pairs","Holm"
"220",28,"minP",0.442,52,"ha.resid",1000,1,40,0,0.6,0.05,1,"X-Y correlation: 0.05 for 100% of pairs","minP"
"221",28,"ours.0.01",0.466,52,"ha.resid",1000,1,40,0,0.6,0.05,1,"X-Y correlation: 0.05 for 100% of pairs","Global (alpha=0.01)"
"222",28,"ours.0.05",0.506,52,"ha.resid",1000,1,40,0,0.6,0.05,1,"X-Y correlation: 0.05 for 100% of pairs","Global (alpha=0.05)"
"223",28,"Romano",0.598,52,"ha.resid",1000,1,40,0,0.6,0.05,1,"X-Y correlation: 0.05 for 100% of pairs","Romano"
"224",28,"Wstep",0.442,52,"ha.resid",1000,1,40,0,0.6,0.05,1,"X-Y correlation: 0.05 for 100% of pairs","Wstep"
"225",29,"bonf.naive",0.994,13,"ha.resid",1000,1,40,0,0,0.1,0.2,"X-Y correlation: 0.1 for 20% of pairs","Bonferroni"
"226",29,"holm",0.994,13,"ha.resid",1000,1,40,0,0,0.1,0.2,"X-Y correlation: 0.1 for 20% of pairs","Holm"
"228",29,"minP",0.994,13,"ha.resid",1000,1,40,0,0,0.1,0.2,"X-Y correlation: 0.1 for 20% of pairs","minP"
"229",29,"ours.0.01",1,13,"ha.resid",1000,1,40,0,0,0.1,0.2,"X-Y correlation: 0.1 for 20% of pairs","Global (alpha=0.01)"
"230",29,"ours.0.05",0.992,13,"ha.resid",1000,1,40,0,0,0.1,0.2,"X-Y correlation: 0.1 for 20% of pairs","Global (alpha=0.05)"
"231",29,"Romano",0.996,13,"ha.resid",1000,1,40,0,0,0.1,0.2,"X-Y correlation: 0.1 for 20% of pairs","Romano"
"232",29,"Wstep",0.994,13,"ha.resid",1000,1,40,0,0,0.1,0.2,"X-Y correlation: 0.1 for 20% of pairs","Wstep"
"233",30,"bonf.naive",0.996,14,"ha.resid",1000,1,40,0,0.1,0.1,0.2,"X-Y correlation: 0.1 for 20% of pairs","Bonferroni"
"234",30,"holm",0.996,14,"ha.resid",1000,1,40,0,0.1,0.1,0.2,"X-Y correlation: 0.1 for 20% of pairs","Holm"
"236",30,"minP",0.996,14,"ha.resid",1000,1,40,0,0.1,0.1,0.2,"X-Y correlation: 0.1 for 20% of pairs","minP"
"237",30,"ours.0.01",0.988,14,"ha.resid",1000,1,40,0,0.1,0.1,0.2,"X-Y correlation: 0.1 for 20% of pairs","Global (alpha=0.01)"
"238",30,"ours.0.05",0.982,14,"ha.resid",1000,1,40,0,0.1,0.1,0.2,"X-Y correlation: 0.1 for 20% of pairs","Global (alpha=0.05)"
"239",30,"Romano",0.998,14,"ha.resid",1000,1,40,0,0.1,0.1,0.2,"X-Y correlation: 0.1 for 20% of pairs","Romano"
"240",30,"Wstep",0.996,14,"ha.resid",1000,1,40,0,0.1,0.1,0.2,"X-Y correlation: 0.1 for 20% of pairs","Wstep"
"241",31,"bonf.naive",0.938,15,"ha.resid",1000,1,40,0,0.3,0.1,0.2,"X-Y correlation: 0.1 for 20% of pairs","Bonferroni"
"242",31,"holm",0.938,15,"ha.resid",1000,1,40,0,0.3,0.1,0.2,"X-Y correlation: 0.1 for 20% of pairs","Holm"
"244",31,"minP",0.954,15,"ha.resid",1000,1,40,0,0.3,0.1,0.2,"X-Y correlation: 0.1 for 20% of pairs","minP"
"245",31,"ours.0.01",0.948,15,"ha.resid",1000,1,40,0,0.3,0.1,0.2,"X-Y correlation: 0.1 for 20% of pairs","Global (alpha=0.01)"
"246",31,"ours.0.05",0.848,15,"ha.resid",1000,1,40,0,0.3,0.1,0.2,"X-Y correlation: 0.1 for 20% of pairs","Global (alpha=0.05)"
"247",31,"Romano",0.968,15,"ha.resid",1000,1,40,0,0.3,0.1,0.2,"X-Y correlation: 0.1 for 20% of pairs","Romano"
"248",31,"Wstep",0.954,15,"ha.resid",1000,1,40,0,0.3,0.1,0.2,"X-Y correlation: 0.1 for 20% of pairs","Wstep"
"249",32,"bonf.naive",0.852,16,"ha.resid",1000,1,40,0,0.6,0.1,0.2,"X-Y correlation: 0.1 for 20% of pairs","Bonferroni"
"250",32,"holm",0.852,16,"ha.resid",1000,1,40,0,0.6,0.1,0.2,"X-Y correlation: 0.1 for 20% of pairs","Holm"
"252",32,"minP",0.914,16,"ha.resid",1000,1,40,0,0.6,0.1,0.2,"X-Y correlation: 0.1 for 20% of pairs","minP"
"253",32,"ours.0.01",0.894,16,"ha.resid",1000,1,40,0,0.6,0.1,0.2,"X-Y correlation: 0.1 for 20% of pairs","Global (alpha=0.01)"
"254",32,"ours.0.05",0.134,16,"ha.resid",1000,1,40,0,0.6,0.1,0.2,"X-Y correlation: 0.1 for 20% of pairs","Global (alpha=0.05)"
"255",32,"Romano",0.942,16,"ha.resid",1000,1,40,0,0.6,0.1,0.2,"X-Y correlation: 0.1 for 20% of pairs","Romano"
"256",32,"Wstep",0.914,16,"ha.resid",1000,1,40,0,0.6,0.1,0.2,"X-Y correlation: 0.1 for 20% of pairs","Wstep"
"257",33,"bonf.naive",1,33,"ha.resid",1000,1,40,0,0,0.1,0.5,"X-Y correlation: 0.1 for 50% of pairs","Bonferroni"
"258",33,"holm",1,33,"ha.resid",1000,1,40,0,0,0.1,0.5,"X-Y correlation: 0.1 for 50% of pairs","Holm"
"260",33,"minP",1,33,"ha.resid",1000,1,40,0,0,0.1,0.5,"X-Y correlation: 0.1 for 50% of pairs","minP"
"261",33,"ours.0.01",1,33,"ha.resid",1000,1,40,0,0,0.1,0.5,"X-Y correlation: 0.1 for 50% of pairs","Global (alpha=0.01)"
"262",33,"ours.0.05",1,33,"ha.resid",1000,1,40,0,0,0.1,0.5,"X-Y correlation: 0.1 for 50% of pairs","Global (alpha=0.05)"
"263",33,"Romano",1,33,"ha.resid",1000,1,40,0,0,0.1,0.5,"X-Y correlation: 0.1 for 50% of pairs","Romano"
"264",33,"Wstep",1,33,"ha.resid",1000,1,40,0,0,0.1,0.5,"X-Y correlation: 0.1 for 50% of pairs","Wstep"
"265",34,"bonf.naive",0.998,34,"ha.resid",1000,1,40,0,0.1,0.1,0.5,"X-Y correlation: 0.1 for 50% of pairs","Bonferroni"
"266",34,"holm",0.998,34,"ha.resid",1000,1,40,0,0.1,0.1,0.5,"X-Y correlation: 0.1 for 50% of pairs","Holm"
"268",34,"minP",0.998,34,"ha.resid",1000,1,40,0,0.1,0.1,0.5,"X-Y correlation: 0.1 for 50% of pairs","minP"
"269",34,"ours.0.01",1,34,"ha.resid",1000,1,40,0,0.1,0.1,0.5,"X-Y correlation: 0.1 for 50% of pairs","Global (alpha=0.01)"
"270",34,"ours.0.05",1,34,"ha.resid",1000,1,40,0,0.1,0.1,0.5,"X-Y correlation: 0.1 for 50% of pairs","Global (alpha=0.05)"
"271",34,"Romano",0.998,34,"ha.resid",1000,1,40,0,0.1,0.1,0.5,"X-Y correlation: 0.1 for 50% of pairs","Romano"
"272",34,"Wstep",0.998,34,"ha.resid",1000,1,40,0,0.1,0.1,0.5,"X-Y correlation: 0.1 for 50% of pairs","Wstep"
"273",35,"bonf.naive",0.99,35,"ha.resid",1000,1,40,0,0.3,0.1,0.5,"X-Y correlation: 0.1 for 50% of pairs","Bonferroni"
"274",35,"holm",0.99,35,"ha.resid",1000,1,40,0,0.3,0.1,0.5,"X-Y correlation: 0.1 for 50% of pairs","Holm"
"276",35,"minP",0.992,35,"ha.resid",1000,1,40,0,0.3,0.1,0.5,"X-Y correlation: 0.1 for 50% of pairs","minP"
"277",35,"ours.0.01",0.998,35,"ha.resid",1000,1,40,0,0.3,0.1,0.5,"X-Y correlation: 0.1 for 50% of pairs","Global (alpha=0.01)"
"278",35,"ours.0.05",1,35,"ha.resid",1000,1,40,0,0.3,0.1,0.5,"X-Y correlation: 0.1 for 50% of pairs","Global (alpha=0.05)"
"279",35,"Romano",0.996,35,"ha.resid",1000,1,40,0,0.3,0.1,0.5,"X-Y correlation: 0.1 for 50% of pairs","Romano"
"280",35,"Wstep",0.992,35,"ha.resid",1000,1,40,0,0.3,0.1,0.5,"X-Y correlation: 0.1 for 50% of pairs","Wstep"
"281",36,"bonf.naive",0.916,36,"ha.resid",1000,1,40,0,0.6,0.1,0.5,"X-Y correlation: 0.1 for 50% of pairs","Bonferroni"
"282",36,"holm",0.916,36,"ha.resid",1000,1,40,0,0.6,0.1,0.5,"X-Y correlation: 0.1 for 50% of pairs","Holm"
"284",36,"minP",0.952,36,"ha.resid",1000,1,40,0,0.6,0.1,0.5,"X-Y correlation: 0.1 for 50% of pairs","minP"
"285",36,"ours.0.01",0.952,36,"ha.resid",1000,1,40,0,0.6,0.1,0.5,"X-Y correlation: 0.1 for 50% of pairs","Global (alpha=0.01)"
"286",36,"ours.0.05",0.962,36,"ha.resid",1000,1,40,0,0.6,0.1,0.5,"X-Y correlation: 0.1 for 50% of pairs","Global (alpha=0.05)"
"287",36,"Romano",0.972,36,"ha.resid",1000,1,40,0,0.6,0.1,0.5,"X-Y correlation: 0.1 for 50% of pairs","Romano"
"288",36,"Wstep",0.952,36,"ha.resid",1000,1,40,0,0.6,0.1,0.5,"X-Y correlation: 0.1 for 50% of pairs","Wstep"
"289",37,"bonf.naive",1,53,"ha.resid",1000,1,40,0,0,0.1,1,"X-Y correlation: 0.1 for 100% of pairs","Bonferroni"
"290",37,"holm",1,53,"ha.resid",1000,1,40,0,0,0.1,1,"X-Y correlation: 0.1 for 100% of pairs","Holm"
"292",37,"minP",1,53,"ha.resid",1000,1,40,0,0,0.1,1,"X-Y correlation: 0.1 for 100% of pairs","minP"
"293",37,"ours.0.01",1,53,"ha.resid",1000,1,40,0,0,0.1,1,"X-Y correlation: 0.1 for 100% of pairs","Global (alpha=0.01)"
"294",37,"ours.0.05",1,53,"ha.resid",1000,1,40,0,0,0.1,1,"X-Y correlation: 0.1 for 100% of pairs","Global (alpha=0.05)"
"295",37,"Romano",1,53,"ha.resid",1000,1,40,0,0,0.1,1,"X-Y correlation: 0.1 for 100% of pairs","Romano"
"296",37,"Wstep",1,53,"ha.resid",1000,1,40,0,0,0.1,1,"X-Y correlation: 0.1 for 100% of pairs","Wstep"
"297",38,"bonf.naive",1,54,"ha.resid",1000,1,40,0,0.1,0.1,1,"X-Y correlation: 0.1 for 100% of pairs","Bonferroni"
"298",38,"holm",1,54,"ha.resid",1000,1,40,0,0.1,0.1,1,"X-Y correlation: 0.1 for 100% of pairs","Holm"
"300",38,"minP",1,54,"ha.resid",1000,1,40,0,0.1,0.1,1,"X-Y correlation: 0.1 for 100% of pairs","minP"
"301",38,"ours.0.01",1,54,"ha.resid",1000,1,40,0,0.1,0.1,1,"X-Y correlation: 0.1 for 100% of pairs","Global (alpha=0.01)"
"302",38,"ours.0.05",1,54,"ha.resid",1000,1,40,0,0.1,0.1,1,"X-Y correlation: 0.1 for 100% of pairs","Global (alpha=0.05)"
"303",38,"Romano",1,54,"ha.resid",1000,1,40,0,0.1,0.1,1,"X-Y correlation: 0.1 for 100% of pairs","Romano"
"304",38,"Wstep",1,54,"ha.resid",1000,1,40,0,0.1,0.1,1,"X-Y correlation: 0.1 for 100% of pairs","Wstep"
"305",39,"bonf.naive",0.996,55,"ha.resid",1000,1,40,0,0.3,0.1,1,"X-Y correlation: 0.1 for 100% of pairs","Bonferroni"
"306",39,"holm",0.996,55,"ha.resid",1000,1,40,0,0.3,0.1,1,"X-Y correlation: 0.1 for 100% of pairs","Holm"
"308",39,"minP",0.996,55,"ha.resid",1000,1,40,0,0.3,0.1,1,"X-Y correlation: 0.1 for 100% of pairs","minP"
"309",39,"ours.0.01",0.998,55,"ha.resid",1000,1,40,0,0.3,0.1,1,"X-Y correlation: 0.1 for 100% of pairs","Global (alpha=0.01)"
"310",39,"ours.0.05",1,55,"ha.resid",1000,1,40,0,0.3,0.1,1,"X-Y correlation: 0.1 for 100% of pairs","Global (alpha=0.05)"
"311",39,"Romano",0.998,55,"ha.resid",1000,1,40,0,0.3,0.1,1,"X-Y correlation: 0.1 for 100% of pairs","Romano"
"312",39,"Wstep",0.996,55,"ha.resid",1000,1,40,0,0.3,0.1,1,"X-Y correlation: 0.1 for 100% of pairs","Wstep"
"313",40,"bonf.naive",0.948,56,"ha.resid",1000,1,40,0,0.6,0.1,1,"X-Y correlation: 0.1 for 100% of pairs","Bonferroni"
"314",40,"holm",0.948,56,"ha.resid",1000,1,40,0,0.6,0.1,1,"X-Y correlation: 0.1 for 100% of pairs","Holm"
"316",40,"minP",0.964,56,"ha.resid",1000,1,40,0,0.6,0.1,1,"X-Y correlation: 0.1 for 100% of pairs","minP"
"317",40,"ours.0.01",0.972,56,"ha.resid",1000,1,40,0,0.6,0.1,1,"X-Y correlation: 0.1 for 100% of pairs","Global (alpha=0.01)"
"318",40,"ours.0.05",0.98,56,"ha.resid",1000,1,40,0,0.6,0.1,1,"X-Y correlation: 0.1 for 100% of pairs","Global (alpha=0.05)"
"319",40,"Romano",0.98,56,"ha.resid",1000,1,40,0,0.6,0.1,1,"X-Y correlation: 0.1 for 100% of pairs","Romano"
"320",40,"Wstep",0.964,56,"ha.resid",1000,1,40,0,0.6,0.1,1,"X-Y correlation: 0.1 for 100% of pairs","Wstep"
"321",41,"bonf.naive",1,17,"ha.resid",1000,1,40,0,0,0.15,0.2,"X-Y correlation: 0.15 for 20% of pairs","Bonferroni"
"322",41,"holm",1,17,"ha.resid",1000,1,40,0,0,0.15,0.2,"X-Y correlation: 0.15 for 20% of pairs","Holm"
"324",41,"minP",1,17,"ha.resid",1000,1,40,0,0,0.15,0.2,"X-Y correlation: 0.15 for 20% of pairs","minP"
"325",41,"ours.0.01",1,17,"ha.resid",1000,1,40,0,0,0.15,0.2,"X-Y correlation: 0.15 for 20% of pairs","Global (alpha=0.01)"
"326",41,"ours.0.05",1,17,"ha.resid",1000,1,40,0,0,0.15,0.2,"X-Y correlation: 0.15 for 20% of pairs","Global (alpha=0.05)"
"327",41,"Romano",1,17,"ha.resid",1000,1,40,0,0,0.15,0.2,"X-Y correlation: 0.15 for 20% of pairs","Romano"
"328",41,"Wstep",1,17,"ha.resid",1000,1,40,0,0,0.15,0.2,"X-Y correlation: 0.15 for 20% of pairs","Wstep"
"329",42,"bonf.naive",1,18,"ha.resid",1000,1,40,0,0.1,0.15,0.2,"X-Y correlation: 0.15 for 20% of pairs","Bonferroni"
"330",42,"holm",1,18,"ha.resid",1000,1,40,0,0.1,0.15,0.2,"X-Y correlation: 0.15 for 20% of pairs","Holm"
"332",42,"minP",1,18,"ha.resid",1000,1,40,0,0.1,0.15,0.2,"X-Y correlation: 0.15 for 20% of pairs","minP"
"333",42,"ours.0.01",1,18,"ha.resid",1000,1,40,0,0.1,0.15,0.2,"X-Y correlation: 0.15 for 20% of pairs","Global (alpha=0.01)"
"334",42,"ours.0.05",1,18,"ha.resid",1000,1,40,0,0.1,0.15,0.2,"X-Y correlation: 0.15 for 20% of pairs","Global (alpha=0.05)"
"335",42,"Romano",1,18,"ha.resid",1000,1,40,0,0.1,0.15,0.2,"X-Y correlation: 0.15 for 20% of pairs","Romano"
"336",42,"Wstep",1,18,"ha.resid",1000,1,40,0,0.1,0.15,0.2,"X-Y correlation: 0.15 for 20% of pairs","Wstep"
"337",43,"bonf.naive",1,19,"ha.resid",1000,1,40,0,0.3,0.15,0.2,"X-Y correlation: 0.15 for 20% of pairs","Bonferroni"
"338",43,"holm",1,19,"ha.resid",1000,1,40,0,0.3,0.15,0.2,"X-Y correlation: 0.15 for 20% of pairs","Holm"
"340",43,"minP",1,19,"ha.resid",1000,1,40,0,0.3,0.15,0.2,"X-Y correlation: 0.15 for 20% of pairs","minP"
"341",43,"ours.0.01",1,19,"ha.resid",1000,1,40,0,0.3,0.15,0.2,"X-Y correlation: 0.15 for 20% of pairs","Global (alpha=0.01)"
"342",43,"ours.0.05",0.996,19,"ha.resid",1000,1,40,0,0.3,0.15,0.2,"X-Y correlation: 0.15 for 20% of pairs","Global (alpha=0.05)"
"343",43,"Romano",1,19,"ha.resid",1000,1,40,0,0.3,0.15,0.2,"X-Y correlation: 0.15 for 20% of pairs","Romano"
"344",43,"Wstep",1,19,"ha.resid",1000,1,40,0,0.3,0.15,0.2,"X-Y correlation: 0.15 for 20% of pairs","Wstep"
"345",44,"bonf.naive",1,20,"ha.resid",1000,1,40,0,0.6,0.15,0.2,"X-Y correlation: 0.15 for 20% of pairs","Bonferroni"
"346",44,"holm",1,20,"ha.resid",1000,1,40,0,0.6,0.15,0.2,"X-Y correlation: 0.15 for 20% of pairs","Holm"
"348",44,"minP",1,20,"ha.resid",1000,1,40,0,0.6,0.15,0.2,"X-Y correlation: 0.15 for 20% of pairs","minP"
"349",44,"ours.0.01",1,20,"ha.resid",1000,1,40,0,0.6,0.15,0.2,"X-Y correlation: 0.15 for 20% of pairs","Global (alpha=0.01)"
"350",44,"ours.0.05",0.202,20,"ha.resid",1000,1,40,0,0.6,0.15,0.2,"X-Y correlation: 0.15 for 20% of pairs","Global (alpha=0.05)"
"351",44,"Romano",1,20,"ha.resid",1000,1,40,0,0.6,0.15,0.2,"X-Y correlation: 0.15 for 20% of pairs","Romano"
"352",44,"Wstep",1,20,"ha.resid",1000,1,40,0,0.6,0.15,0.2,"X-Y correlation: 0.15 for 20% of pairs","Wstep"
"353",45,"bonf.naive",1,37,"ha.resid",1000,1,40,0,0,0.15,0.5,"X-Y correlation: 0.15 for 50% of pairs","Bonferroni"
"354",45,"holm",1,37,"ha.resid",1000,1,40,0,0,0.15,0.5,"X-Y correlation: 0.15 for 50% of pairs","Holm"
"356",45,"minP",1,37,"ha.resid",1000,1,40,0,0,0.15,0.5,"X-Y correlation: 0.15 for 50% of pairs","minP"
"357",45,"ours.0.01",1,37,"ha.resid",1000,1,40,0,0,0.15,0.5,"X-Y correlation: 0.15 for 50% of pairs","Global (alpha=0.01)"
"358",45,"ours.0.05",1,37,"ha.resid",1000,1,40,0,0,0.15,0.5,"X-Y correlation: 0.15 for 50% of pairs","Global (alpha=0.05)"
"359",45,"Romano",1,37,"ha.resid",1000,1,40,0,0,0.15,0.5,"X-Y correlation: 0.15 for 50% of pairs","Romano"
"360",45,"Wstep",1,37,"ha.resid",1000,1,40,0,0,0.15,0.5,"X-Y correlation: 0.15 for 50% of pairs","Wstep"
"361",46,"bonf.naive",1,38,"ha.resid",1000,1,40,0,0.1,0.15,0.5,"X-Y correlation: 0.15 for 50% of pairs","Bonferroni"
"362",46,"holm",1,38,"ha.resid",1000,1,40,0,0.1,0.15,0.5,"X-Y correlation: 0.15 for 50% of pairs","Holm"
"364",46,"minP",1,38,"ha.resid",1000,1,40,0,0.1,0.15,0.5,"X-Y correlation: 0.15 for 50% of pairs","minP"
"365",46,"ours.0.01",1,38,"ha.resid",1000,1,40,0,0.1,0.15,0.5,"X-Y correlation: 0.15 for 50% of pairs","Global (alpha=0.01)"
"366",46,"ours.0.05",1,38,"ha.resid",1000,1,40,0,0.1,0.15,0.5,"X-Y correlation: 0.15 for 50% of pairs","Global (alpha=0.05)"
"367",46,"Romano",1,38,"ha.resid",1000,1,40,0,0.1,0.15,0.5,"X-Y correlation: 0.15 for 50% of pairs","Romano"
"368",46,"Wstep",1,38,"ha.resid",1000,1,40,0,0.1,0.15,0.5,"X-Y correlation: 0.15 for 50% of pairs","Wstep"
"369",47,"bonf.naive",1,39,"ha.resid",1000,1,40,0,0.3,0.15,0.5,"X-Y correlation: 0.15 for 50% of pairs","Bonferroni"
"370",47,"holm",1,39,"ha.resid",1000,1,40,0,0.3,0.15,0.5,"X-Y correlation: 0.15 for 50% of pairs","Holm"
"372",47,"minP",1,39,"ha.resid",1000,1,40,0,0.3,0.15,0.5,"X-Y correlation: 0.15 for 50% of pairs","minP"
"373",47,"ours.0.01",1,39,"ha.resid",1000,1,40,0,0.3,0.15,0.5,"X-Y correlation: 0.15 for 50% of pairs","Global (alpha=0.01)"
"374",47,"ours.0.05",1,39,"ha.resid",1000,1,40,0,0.3,0.15,0.5,"X-Y correlation: 0.15 for 50% of pairs","Global (alpha=0.05)"
"375",47,"Romano",1,39,"ha.resid",1000,1,40,0,0.3,0.15,0.5,"X-Y correlation: 0.15 for 50% of pairs","Romano"
"376",47,"Wstep",1,39,"ha.resid",1000,1,40,0,0.3,0.15,0.5,"X-Y correlation: 0.15 for 50% of pairs","Wstep"
"377",48,"bonf.naive",1,40,"ha.resid",1000,1,40,0,0.6,0.15,0.5,"X-Y correlation: 0.15 for 50% of pairs","Bonferroni"
"378",48,"holm",1,40,"ha.resid",1000,1,40,0,0.6,0.15,0.5,"X-Y correlation: 0.15 for 50% of pairs","Holm"
"380",48,"minP",1,40,"ha.resid",1000,1,40,0,0.6,0.15,0.5,"X-Y correlation: 0.15 for 50% of pairs","minP"
"381",48,"ours.0.01",1,40,"ha.resid",1000,1,40,0,0.6,0.15,0.5,"X-Y correlation: 0.15 for 50% of pairs","Global (alpha=0.01)"
"382",48,"ours.0.05",1,40,"ha.resid",1000,1,40,0,0.6,0.15,0.5,"X-Y correlation: 0.15 for 50% of pairs","Global (alpha=0.05)"
"383",48,"Romano",1,40,"ha.resid",1000,1,40,0,0.6,0.15,0.5,"X-Y correlation: 0.15 for 50% of pairs","Romano"
"384",48,"Wstep",1,40,"ha.resid",1000,1,40,0,0.6,0.15,0.5,"X-Y correlation: 0.15 for 50% of pairs","Wstep"
"385",49,"bonf.naive",1,57,"ha.resid",1000,1,40,0,0,0.15,1,"X-Y correlation: 0.15 for 100% of pairs","Bonferroni"
"386",49,"holm",1,57,"ha.resid",1000,1,40,0,0,0.15,1,"X-Y correlation: 0.15 for 100% of pairs","Holm"
"388",49,"minP",1,57,"ha.resid",1000,1,40,0,0,0.15,1,"X-Y correlation: 0.15 for 100% of pairs","minP"
"389",49,"ours.0.01",1,57,"ha.resid",1000,1,40,0,0,0.15,1,"X-Y correlation: 0.15 for 100% of pairs","Global (alpha=0.01)"
"390",49,"ours.0.05",1,57,"ha.resid",1000,1,40,0,0,0.15,1,"X-Y correlation: 0.15 for 100% of pairs","Global (alpha=0.05)"
"391",49,"Romano",1,57,"ha.resid",1000,1,40,0,0,0.15,1,"X-Y correlation: 0.15 for 100% of pairs","Romano"
"392",49,"Wstep",1,57,"ha.resid",1000,1,40,0,0,0.15,1,"X-Y correlation: 0.15 for 100% of pairs","Wstep"
"393",50,"bonf.naive",1,58,"ha.resid",1000,1,40,0,0.1,0.15,1,"X-Y correlation: 0.15 for 100% of pairs","Bonferroni"
"394",50,"holm",1,58,"ha.resid",1000,1,40,0,0.1,0.15,1,"X-Y correlation: 0.15 for 100% of pairs","Holm"
"396",50,"minP",1,58,"ha.resid",1000,1,40,0,0.1,0.15,1,"X-Y correlation: 0.15 for 100% of pairs","minP"
"397",50,"ours.0.01",1,58,"ha.resid",1000,1,40,0,0.1,0.15,1,"X-Y correlation: 0.15 for 100% of pairs","Global (alpha=0.01)"
"398",50,"ours.0.05",1,58,"ha.resid",1000,1,40,0,0.1,0.15,1,"X-Y correlation: 0.15 for 100% of pairs","Global (alpha=0.05)"
"399",50,"Romano",1,58,"ha.resid",1000,1,40,0,0.1,0.15,1,"X-Y correlation: 0.15 for 100% of pairs","Romano"
"400",50,"Wstep",1,58,"ha.resid",1000,1,40,0,0.1,0.15,1,"X-Y correlation: 0.15 for 100% of pairs","Wstep"
"401",51,"bonf.naive",1,59,"ha.resid",1000,1,40,0,0.3,0.15,1,"X-Y correlation: 0.15 for 100% of pairs","Bonferroni"
"402",51,"holm",1,59,"ha.resid",1000,1,40,0,0.3,0.15,1,"X-Y correlation: 0.15 for 100% of pairs","Holm"
"404",51,"minP",1,59,"ha.resid",1000,1,40,0,0.3,0.15,1,"X-Y correlation: 0.15 for 100% of pairs","minP"
"405",51,"ours.0.01",1,59,"ha.resid",1000,1,40,0,0.3,0.15,1,"X-Y correlation: 0.15 for 100% of pairs","Global (alpha=0.01)"
"406",51,"ours.0.05",1,59,"ha.resid",1000,1,40,0,0.3,0.15,1,"X-Y correlation: 0.15 for 100% of pairs","Global (alpha=0.05)"
"407",51,"Romano",1,59,"ha.resid",1000,1,40,0,0.3,0.15,1,"X-Y correlation: 0.15 for 100% of pairs","Romano"
"408",51,"Wstep",1,59,"ha.resid",1000,1,40,0,0.3,0.15,1,"X-Y correlation: 0.15 for 100% of pairs","Wstep"
"409",52,"bonf.naive",0.998,60,"ha.resid",1000,1,40,0,0.6,0.15,1,"X-Y correlation: 0.15 for 100% of pairs","Bonferroni"
"410",52,"holm",0.998,60,"ha.resid",1000,1,40,0,0.6,0.15,1,"X-Y correlation: 0.15 for 100% of pairs","Holm"
"412",52,"minP",0.998,60,"ha.resid",1000,1,40,0,0.6,0.15,1,"X-Y correlation: 0.15 for 100% of pairs","minP"
"413",52,"ours.0.01",1,60,"ha.resid",1000,1,40,0,0.6,0.15,1,"X-Y correlation: 0.15 for 100% of pairs","Global (alpha=0.01)"
"414",52,"ours.0.05",1,60,"ha.resid",1000,1,40,0,0.6,0.15,1,"X-Y correlation: 0.15 for 100% of pairs","Global (alpha=0.05)"
"415",52,"Romano",1,60,"ha.resid",1000,1,40,0,0.6,0.15,1,"X-Y correlation: 0.15 for 100% of pairs","Romano"
"416",52,"Wstep",0.998,60,"ha.resid",1000,1,40,0,0.6,0.15,1,"X-Y correlation: 0.15 for 100% of pairs","Wstep"
